{
  "s": [
    9.000417239189607,
    8.789500501577528,
    9.184644243378232,
    8.818537804740627,
    8.907836379746998,
    9.126490284201092,
    8.99795516807286,
    9.21797325288211,
    8.670351690825058,
    9.324643756777293,
    9.041785827936165,
    8.994450726872838,
    9.217477165905528,
    9.027602629351085,
    9.012964436378537,
    9.100579722314603,
    9.184013689847381,
    8.911004591287927,
    9.301041043725306,
    8.763982280526701,
    8.960874923832748,
    8.797734544702031,
    -18.89212010407446,
    9.13664531319034,
    8.765881597182393,
    8.975188792333945,
    8.93648408117961,
    8.99778594314836,
    8.897593784044526,
    9.077383546231351,
    9.049010584613777,
    -16.80696493876953,
    8.930913231071429,
    8.82218789400696,
    8.405960577661643,
    9.541279710934065,
    8.019640052344823,
    9.333985312207053,
    -19.514232165790546,
    -18.588877400058216,
    -16.807897171020592,
    10.219021323347846,
    -17.500919872276917,
    -17.498418123238196,
    9.620334877894003,
    9.430062987552182,
    -16.818069119580514,
    -17.513890676880536,
    -16.81783715774567,
    -18.421413101859702,
    -17.193654701327866,
    9.084925765475955,
    -16.804744086903487,
    -18.42199154824171,
    -17.50846218714063,
    -18.195769832962853,
    7.874356826286845,
    -17.506531497379125,
    -16.804519494203433,
    9.085694606036165,
    -16.799903061625443,
    -17.886807163643205,
    -18.599982393848656,
    -17.506575848349467,
    9.853382936105223
  ],
  "beta": [
    0.21525931711655283,
    -0.01218631867950625,
    0.3451446825253174,
    0.1027170805200977
  ],
  "mu": [
    -0.21083593778603216,
    -0.007198274570889375,
    -0.11681480488075961,
    0.1329459097649837
  ],
  "sd": [
    9.588902491412611,
    0.30726731161252,
    7.982825491116974,
    0.2718048952818476
  ],
  "teams": [
    "ATL",
    "BKN",
    "BOS",
    "CHA",
    "CHI",
    "CLE",
    "DAL",
    "DEN",
    "DET",
    "GSW",
    "HOU",
    "IND",
    "LAC",
    "LAL",
    "MEM",
    "MIA",
    "MIL",
    "MIN",
    "NAN",
    "NONE",
    "NOP",
    "NYK",
    "NZB",
    "OKC",
    "ORL",
    "PHI",
    "PHX",
    "POR",
    "SAC",
    "SAS",
    "TOR",
    "ULM",
    "UTA",
    "WAS",
    "EST",
    "WST",
    "USA",
    "WLD",
    "MAC",
    "FLA",
    "FBU",
    "ALB",
    "MTA",
    "BAU",
    "FEN",
    "RMD",
    "MLN",
    "SLA",
    "FCB",
    "SDS",
    "STP",
    "LBN",
    "BNE",
    "MEL",
    "SYD",
    "GUA",
    "ADL",
    "PER",
    "BJD",
    "GNS",
    "FRA",
    "DRT",
    "MRA",
    "CNS",
    "CAN"
  ],
  "team_to_idx": {
    "ATL": 0,
    "BKN": 1,
    "BOS": 2,
    "CHA": 3,
    "CHI": 4,
    "CLE": 5,
    "DAL": 6,
    "DEN": 7,
    "DET": 8,
    "GSW": 9,
    "HOU": 10,
    "IND": 11,
    "LAC": 12,
    "LAL": 13,
    "MEM": 14,
    "MIA": 15,
    "MIL": 16,
    "MIN": 17,
    "NAN": 18,
    "NONE": 19,
    "NOP": 20,
    "NYK": 21,
    "NZB": 22,
    "OKC": 23,
    "ORL": 24,
    "PHI": 25,
    "PHX": 26,
    "POR": 27,
    "SAC": 28,
    "SAS": 29,
    "TOR": 30,
    "ULM": 31,
    "UTA": 32,
    "WAS": 33,
    "EST": 34,
    "WST": 35,
    "USA": 36,
    "WLD": 37,
    "MAC": 38,
    "FLA": 39,
    "FBU": 40,
    "ALB": 41,
    "MTA": 42,
    "BAU": 43,
    "FEN": 44,
    "RMD": 45,
    "MLN": 46,
    "SLA": 47,
    "FCB": 48,
    "SDS": 49,
    "STP": 50,
    "LBN": 51,
    "BNE": 52,
    "MEL": 53,
    "SYD": 54,
    "GUA": 55,
    "ADL": 56,
    "PER": 57,
    "BJD": 58,
    "GNS": 59,
    "FRA": 60,
    "DRT": 61,
    "MRA": 62,
    "CNS": 63,
    "CAN": 64
  },
  "extra_meta": {
    "K": 13,
    "max_iter": 1200
  },
  "optimizer_settings": {
    "lambda_s": 0.12229,
    "lambda_b": 0.11436,
    "threshold": 0.5
  },
  "timestamp": "2025-11-21T00:56:15"
}