{
  "s": [
    0.05059732358890487,
    -0.1881318851038633,
    0.06197150473083698,
    -0.15457049242224197,
    -0.13206870145151983,
    0.22038853395239053,
    -0.06058273790284535,
    0.07772068006291893,
    -0.2971753150393175,
    0.4432371160381041,
    0.16672627538619886,
    -0.020359201110345466,
    0.27327358914342537,
    -0.1095245650554431,
    -0.005977102256410742,
    0.10267029245034721,
    0.10765247707696853,
    -0.2419845032460437,
    -0.03794721433613333,
    -0.38652560586263357,
    0.17276809662951623,
    -0.2645787249426194,
    -0.04197168158907839,
    -0.19252796683920673,
    0.15944230287301964,
    -0.10804056888607663,
    0.3005543049195268,
    0.11592381722597223,
    0.030450929535175336,
    -0.041410977569526705
  ],
  "beta": [
    0.1611521417164603,
    0.03146711468493108,
    0.4305825549159826,
    0.06400181453439188
  ],
  "mu": [
    -0.15628060930630236,
    -0.0046186290608197286,
    -0.06032529550147004,
    0.13355709051886108
  ],
  "sd": [
    9.008876537353034,
    0.2940972645799994,
    7.126384207541488,
    0.25375199817564253
  ],
  "teams": [
    "ATL",
    "BKN",
    "BOS",
    "CHA",
    "CHI",
    "CLE",
    "DAL",
    "DEN",
    "DET",
    "GSW",
    "HOU",
    "IND",
    "LAC",
    "LAL",
    "MEM",
    "MIA",
    "MIL",
    "MIN",
    "NOP",
    "NYK",
    "OKC",
    "ORL",
    "PHI",
    "PHX",
    "POR",
    "SAC",
    "SAS",
    "TOR",
    "UTA",
    "WAS"
  ],
  "team_to_idx": {
    "ATL": 0,
    "BKN": 1,
    "BOS": 2,
    "CHA": 3,
    "CHI": 4,
    "CLE": 5,
    "DAL": 6,
    "DEN": 7,
    "DET": 8,
    "GSW": 9,
    "HOU": 10,
    "IND": 11,
    "LAC": 12,
    "LAL": 13,
    "MEM": 14,
    "MIA": 15,
    "MIL": 16,
    "MIN": 17,
    "NOP": 18,
    "NYK": 19,
    "OKC": 20,
    "ORL": 21,
    "PHI": 22,
    "PHX": 23,
    "POR": 24,
    "SAC": 25,
    "SAS": 26,
    "TOR": 27,
    "UTA": 28,
    "WAS": 29
  },
  "extra_meta": {},
  "optimizer_settings": {
    "lambda_s": 3.5574,
    "lambda_b": 0.042208,
    "lambda_g": 0.19023,
    "l1_ratio": null,
    "threshold": 0.5
  },
  "timestamp": "2026-03-24T18:13:10"
}