{
  "s": [
    0.05684029179674103,
    -0.6024290176500988,
    0.4264042974814877,
    -0.9791040815141419,
    -0.017419030334217912,
    0.7110238809672336,
    -0.1530952716426959,
    0.5977909811833003,
    0.02432060444278852,
    0.11541480782448241,
    0.2973619297783552,
    0.7035708105308864,
    0.28244159740098806,
    0.6510182906436951,
    0.041830412988199756,
    -0.3098194288856697,
    0.3630815771342316,
    0.2556052236974317,
    -0.504044835402056,
    0.3356416611755308,
    0.8332540631932143,
    -0.10546568202341192,
    -0.72442290253371,
    -0.08041818706952594,
    -0.04683230529387863,
    -0.09819770573549247,
    -0.2367233314909925,
    -0.37809206176961996,
    -0.8824639462510042,
    -0.5770726426420507
  ],
  "beta": [
    0.37137299477185076,
    -0.30503322666829413,
    0.40933419689994865,
    -0.20934994198546453
  ],
  "mu": [
    -0.15628060930630236,
    -0.0046186290608197286,
    -0.06032529550147004,
    0.13355709051886108
  ],
  "sd": [
    9.008876537353034,
    0.2940972645799994,
    7.126384207541488,
    0.25375199817564253
  ],
  "teams": [
    "ATL",
    "BKN",
    "BOS",
    "CHA",
    "CHI",
    "CLE",
    "DAL",
    "DEN",
    "DET",
    "GSW",
    "HOU",
    "IND",
    "LAC",
    "LAL",
    "MEM",
    "MIA",
    "MIL",
    "MIN",
    "NOP",
    "NYK",
    "OKC",
    "ORL",
    "PHI",
    "PHX",
    "POR",
    "SAC",
    "SAS",
    "TOR",
    "UTA",
    "WAS"
  ],
  "team_to_idx": {
    "ATL": 0,
    "BKN": 1,
    "BOS": 2,
    "CHA": 3,
    "CHI": 4,
    "CLE": 5,
    "DAL": 6,
    "DEN": 7,
    "DET": 8,
    "GSW": 9,
    "HOU": 10,
    "IND": 11,
    "LAC": 12,
    "LAL": 13,
    "MEM": 14,
    "MIA": 15,
    "MIL": 16,
    "MIN": 17,
    "NOP": 18,
    "NYK": 19,
    "OKC": 20,
    "ORL": 21,
    "PHI": 22,
    "PHX": 23,
    "POR": 24,
    "SAC": 25,
    "SAS": 26,
    "TOR": 27,
    "UTA": 28,
    "WAS": 29
  },
  "extra_meta": {
    "K": 10,
    "max_iter": 1200
  },
  "optimizer_settings": {
    "lambda_s": 4.6807,
    "lambda_b": 0.050633,
    "threshold": 0.5
  },
  "timestamp": "2026-03-23T03:23:40"
}