{
  "s": [
    -0.002426990296347985,
    -0.13209955611490865,
    0.10894945454442742,
    -0.1329219357684144,
    -0.021801226270543393,
    0.15788267367505707,
    0.012089176854237384,
    0.012195868073094654,
    -0.327461545716514,
    0.3963389904013395,
    0.12616814599621756,
    -0.04120737691782284,
    0.3413254336705648,
    -0.01965598069086836,
    -0.020148452067232647,
    0.13822159873038178,
    0.05963772351919636,
    -0.20261804175104092,
    -0.036491855302797735,
    -0.2973807656255455,
    0.11343680161869364,
    -0.19513895934964748,
    -0.17194840599679864,
    -0.056959310516655905,
    0.03161177270474946,
    0.02265910629487013,
    0.13509983317628682,
    0.13900173518495101,
    -0.007931954745843288,
    -0.12842595731308581
  ],
  "beta": [
    0.15599998463666387,
    0.041892545660315396,
    0.44826590441830083,
    0.04352432629801088
  ],
  "mu": [
    -0.15628060930775295,
    -0.004618629060288483,
    -0.0603252955111562,
    0.13355709051803022
  ],
  "sd": [
    9.008876537352473,
    0.29409726458043584,
    7.12638420756216,
    0.2537519981775539
  ],
  "teams": [
    "ATL",
    "BKN",
    "BOS",
    "CHA",
    "CHI",
    "CLE",
    "DAL",
    "DEN",
    "DET",
    "GSW",
    "HOU",
    "IND",
    "LAC",
    "LAL",
    "MEM",
    "MIA",
    "MIL",
    "MIN",
    "NOP",
    "NYK",
    "OKC",
    "ORL",
    "PHI",
    "PHX",
    "POR",
    "SAC",
    "SAS",
    "TOR",
    "UTA",
    "WAS"
  ],
  "team_to_idx": {
    "ATL": 0,
    "BKN": 1,
    "BOS": 2,
    "CHA": 3,
    "CHI": 4,
    "CLE": 5,
    "DAL": 6,
    "DEN": 7,
    "DET": 8,
    "GSW": 9,
    "HOU": 10,
    "IND": 11,
    "LAC": 12,
    "LAL": 13,
    "MEM": 14,
    "MIA": 15,
    "MIL": 16,
    "MIN": 17,
    "NOP": 18,
    "NYK": 19,
    "OKC": 20,
    "ORL": 21,
    "PHI": 22,
    "PHX": 23,
    "POR": 24,
    "SAC": 25,
    "SAS": 26,
    "TOR": 27,
    "UTA": 28,
    "WAS": 29
  },
  "extra_meta": {},
  "optimizer_settings": {
    "lambda_s": 7.803563183537698,
    "lambda_b": 1.9992644204288222e-09,
    "lambda_g": 1.4190686925860311e-05,
    "l1_ratio": null,
    "threshold": 0.65
  },
  "timestamp": "2026-03-29T03:12:38"
}