{
  "s": [
    0.06609281924401961,
    -0.6493700372875728,
    0.43726937687050793,
    -1.048301434769369,
    -0.016976037462841417,
    0.7546565074668199,
    -0.17925283549030427,
    0.6517089913922568,
    0.01631832029878444,
    0.11057395919182732,
    0.3084023754126935,
    0.7705424948320144,
    0.29459192097863496,
    0.7254209178824582,
    0.028487177095455094,
    -0.34214973608953353,
    0.3934692670602525,
    0.2607719262057663,
    -0.5116365076998307,
    0.3538865752864485,
    0.8842871021091635,
    -0.1229676270763232,
    -0.7773036841546583,
    -0.07989373457556215,
    -0.04566402423820421,
    -0.12023539787437415,
    -0.2575971858912115,
    -0.4032979163679089,
    -0.9244844982889855,
    -0.5773490740604236
  ],
  "beta": [
    0.37816232941991823,
    -0.3254388888282137,
    0.3973580739324267,
    -0.2058889967487153
  ],
  "mu": [
    -0.15628060930630236,
    -0.0046186290608197286,
    -0.06032529550147004,
    0.13355709051886108
  ],
  "sd": [
    9.008876537353034,
    0.2940972645799994,
    7.126384207541488,
    0.25375199817564253
  ],
  "teams": [
    "ATL",
    "BKN",
    "BOS",
    "CHA",
    "CHI",
    "CLE",
    "DAL",
    "DEN",
    "DET",
    "GSW",
    "HOU",
    "IND",
    "LAC",
    "LAL",
    "MEM",
    "MIA",
    "MIL",
    "MIN",
    "NOP",
    "NYK",
    "OKC",
    "ORL",
    "PHI",
    "PHX",
    "POR",
    "SAC",
    "SAS",
    "TOR",
    "UTA",
    "WAS"
  ],
  "team_to_idx": {
    "ATL": 0,
    "BKN": 1,
    "BOS": 2,
    "CHA": 3,
    "CHI": 4,
    "CLE": 5,
    "DAL": 6,
    "DEN": 7,
    "DET": 8,
    "GSW": 9,
    "HOU": 10,
    "IND": 11,
    "LAC": 12,
    "LAL": 13,
    "MEM": 14,
    "MIA": 15,
    "MIL": 16,
    "MIN": 17,
    "NOP": 18,
    "NYK": 19,
    "OKC": 20,
    "ORL": 21,
    "PHI": 22,
    "PHX": 23,
    "POR": 24,
    "SAC": 25,
    "SAS": 26,
    "TOR": 27,
    "UTA": 28,
    "WAS": 29
  },
  "extra_meta": {
    "K": 10,
    "max_iter": 1200
  },
  "optimizer_settings": {
    "lambda_s": 3.5574,
    "lambda_b": 0.042208,
    "threshold": 0.5
  },
  "timestamp": "2026-03-23T03:26:29"
}