{
  "s": [
    0.00015168398681653293,
    0.003691167636550716,
    0.017317934527713106,
    -0.018352216533836535,
    -0.019099118251809825,
    0.0042001635579676806,
    0.0031926657694650537,
    -0.0029797858132438624,
    -0.009316908244994723,
    -0.004359435956579755,
    -0.006241853449513395,
    -0.010316230810379837,
    0.001795980672865884,
    0.004708948998494026,
    -0.002669980494920506,
    -0.02941035365859774,
    -0.01542689987098416,
    0.013811665111181738,
    -0.0010686568287477313,
    0.006910583705968286,
    0.001859511932289513,
    0.007125257560854125,
    0.0012815866382632978,
    0.008531090272668013,
    0.00801624901377759,
    -0.00835630993504849,
    -0.0055091208402621656,
    0.0009411433424158085,
    0.019642840471299973,
    0.0016179814673526734,
    0.0003986304230089014,
    0.005099461917875816,
    -0.0008773215106468823,
    0.013233624848212626,
    -0.002854965084392879,
    0.0028611708662330897,
    -0.003111031881661033,
    -0.0036057647032052853,
    0.01294335581112065,
    -0.004132288980920726,
    -0.005926797909935441,
    0.0026376132526484707,
    0.0068694283888439634,
    0.00240375348654838,
    -0.007254472735437023,
    -0.007488523488646017,
    0.0020801463642529114,
    0.019874367079021654,
    0.013778777325660437,
    0.009585515919142504,
    -0.023304481399826566,
    0.005959814807542323,
    0.009065448630111847,
    -0.010118749433951382,
    -0.010019625732023581,
    0.005759919656182696,
    0.006623944977637713,
    0.007280161568005601,
    0.0028705574843555627,
    -0.0001365400198901656,
    -0.004775442315426536,
    -0.015713311770130484,
    -0.0008654988844351431,
    -0.0008304609329013204
  ],
  "beta": [
    0.05663069259128959,
    0.06603801127498789,
    0.05382821050101228,
    0.054806488189215796
  ],
  "mu": [
    -0.21083593778603213,
    -0.007198274570889373,
    -0.11681480488075964,
    0.13294590976498372
  ],
  "sd": [
    9.58890249141261,
    0.3072673116125201,
    7.982825491116974,
    0.2718048952818476
  ],
  "teams": [
    "ADL",
    "ALB",
    "ATL",
    "BAU",
    "BJD",
    "BKN",
    "BNE",
    "BOS",
    "CAN",
    "CHA",
    "CHI",
    "CLE",
    "DAL",
    "DEN",
    "DET",
    "DRT",
    "EST",
    "FBU",
    "FCB",
    "FEN",
    "FLA",
    "FRA",
    "GNS",
    "GSW",
    "GUA",
    "HOU",
    "IND",
    "LAC",
    "LAL",
    "LBN",
    "MAC",
    "MEL",
    "MEM",
    "MIA",
    "MIL",
    "MIN",
    "MLN",
    "MTA",
    "NAN",
    "NONE",
    "NOP",
    "NYK",
    "NZB",
    "OKC",
    "ORL",
    "PER",
    "PHI",
    "PHX",
    "POR",
    "RMD",
    "SAC",
    "SAS",
    "SDS",
    "SLA",
    "STP",
    "SYD",
    "TOR",
    "USA",
    "UTA",
    "WAS",
    "WLD",
    "WST",
    "MRA",
    "CNS"
  ],
  "team_to_idx": {
    "ADL": 0,
    "ALB": 1,
    "ATL": 2,
    "BAU": 3,
    "BJD": 4,
    "BKN": 5,
    "BNE": 6,
    "BOS": 7,
    "CAN": 8,
    "CHA": 9,
    "CHI": 10,
    "CLE": 11,
    "DAL": 12,
    "DEN": 13,
    "DET": 14,
    "DRT": 15,
    "EST": 16,
    "FBU": 17,
    "FCB": 18,
    "FEN": 19,
    "FLA": 20,
    "FRA": 21,
    "GNS": 22,
    "GSW": 23,
    "GUA": 24,
    "HOU": 25,
    "IND": 26,
    "LAC": 27,
    "LAL": 28,
    "LBN": 29,
    "MAC": 30,
    "MEL": 31,
    "MEM": 32,
    "MIA": 33,
    "MIL": 34,
    "MIN": 35,
    "MLN": 36,
    "MTA": 37,
    "NAN": 38,
    "NONE": 39,
    "NOP": 40,
    "NYK": 41,
    "NZB": 42,
    "OKC": 43,
    "ORL": 44,
    "PER": 45,
    "PHI": 46,
    "PHX": 47,
    "POR": 48,
    "RMD": 49,
    "SAC": 50,
    "SAS": 51,
    "SDS": 52,
    "SLA": 53,
    "STP": 54,
    "SYD": 55,
    "TOR": 56,
    "USA": 57,
    "UTA": 58,
    "WAS": 59,
    "WLD": 60,
    "WST": 61,
    "MRA": 62,
    "CNS": 63
  },
  "best_metrics": {
    "test_logloss": 0.6627399483754473,
    "test_acc": 0.6190476190476191
  },
  "extra_meta": {
    "K": 12,
    "max_iter": 1200,
    "optimizer": "adam"
  },
  "optimizer_settings": {
    "lr_s": 0.017454326493915664,
    "lr_b": 0.9955401725921074,
    "lambda_s": 0.004412518168980505,
    "lambda_b": 1.166399970163484,
    "threshold": 0.5,
    "decay_every": 400,
    "decay_factor": 0.8
  },
  "timestamp": "2025-11-19T00:36:34"
}