{
  "s": [
    9.020467224434219,
    8.813801398904186,
    9.20182017418601,
    8.841019636383828,
    8.926318897462531,
    9.148643440896779,
    9.026907957197748,
    9.249231088579522,
    8.699801583165023,
    9.352015687091193,
    9.068010734045883,
    9.01348573613635,
    9.249162425547489,
    9.05495622812014,
    9.039199563011175,
    9.12387163969385,
    9.208016837732893,
    8.939937725917877,
    9.285834962584152,
    8.779188361668355,
    8.991420547103134,
    8.822423332705112,
    -18.892120104068322,
    9.166776401444526,
    8.789075292205661,
    8.997390279303483,
    8.964033512653861,
    9.025116605468863,
    8.927921324551846,
    9.106356076377104,
    9.066060397884316,
    -16.80696493875886,
    8.963038259081396,
    8.84523325477444,
    8.553079972798539,
    9.39416031579767,
    8.11315371015592,
    9.45333182608092,
    -19.51423216578434,
    -18.58887740004589,
    -16.80789717099889,
    9.5642726724011,
    -17.500919872265726,
    -17.498418123231993,
    9.073497646568953,
    9.264456305638367,
    -16.818069119563408,
    -17.513890676869874,
    -16.81783715772563,
    -18.421413101852163,
    -17.1936547013164,
    9.260293282409863,
    -16.804744086891112,
    -18.421991548235507,
    -17.508462187129442,
    -18.195769832952614,
    8.475949475026102,
    -17.506531497373683,
    -16.80451949419281,
    8.910327089082605,
    -16.799903061613072,
    -17.88680716363632,
    -18.59998239384623,
    -17.506575848342784,
    9.640522764422109
  ],
  "beta": [
    0.21908956073792427,
    -0.017954494590777602,
    0.3445932725790325,
    0.10343883001860577
  ],
  "mu": [
    -0.21083593778603216,
    -0.007198274570889375,
    -0.11681480488075961,
    0.1329459097649837
  ],
  "sd": [
    9.588902491412611,
    0.30726731161252,
    7.982825491116974,
    0.2718048952818476
  ],
  "teams": [
    "ATL",
    "BKN",
    "BOS",
    "CHA",
    "CHI",
    "CLE",
    "DAL",
    "DEN",
    "DET",
    "GSW",
    "HOU",
    "IND",
    "LAC",
    "LAL",
    "MEM",
    "MIA",
    "MIL",
    "MIN",
    "NAN",
    "NONE",
    "NOP",
    "NYK",
    "NZB",
    "OKC",
    "ORL",
    "PHI",
    "PHX",
    "POR",
    "SAC",
    "SAS",
    "TOR",
    "ULM",
    "UTA",
    "WAS",
    "EST",
    "WST",
    "USA",
    "WLD",
    "MAC",
    "FLA",
    "FBU",
    "ALB",
    "MTA",
    "BAU",
    "FEN",
    "RMD",
    "MLN",
    "SLA",
    "FCB",
    "SDS",
    "STP",
    "LBN",
    "BNE",
    "MEL",
    "SYD",
    "GUA",
    "ADL",
    "PER",
    "BJD",
    "GNS",
    "FRA",
    "DRT",
    "MRA",
    "CNS",
    "CAN"
  ],
  "team_to_idx": {
    "ATL": 0,
    "BKN": 1,
    "BOS": 2,
    "CHA": 3,
    "CHI": 4,
    "CLE": 5,
    "DAL": 6,
    "DEN": 7,
    "DET": 8,
    "GSW": 9,
    "HOU": 10,
    "IND": 11,
    "LAC": 12,
    "LAL": 13,
    "MEM": 14,
    "MIA": 15,
    "MIL": 16,
    "MIN": 17,
    "NAN": 18,
    "NONE": 19,
    "NOP": 20,
    "NYK": 21,
    "NZB": 22,
    "OKC": 23,
    "ORL": 24,
    "PHI": 25,
    "PHX": 26,
    "POR": 27,
    "SAC": 28,
    "SAS": 29,
    "TOR": 30,
    "ULM": 31,
    "UTA": 32,
    "WAS": 33,
    "EST": 34,
    "WST": 35,
    "USA": 36,
    "WLD": 37,
    "MAC": 38,
    "FLA": 39,
    "FBU": 40,
    "ALB": 41,
    "MTA": 42,
    "BAU": 43,
    "FEN": 44,
    "RMD": 45,
    "MLN": 46,
    "SLA": 47,
    "FCB": 48,
    "SDS": 49,
    "STP": 50,
    "LBN": 51,
    "BNE": 52,
    "MEL": 53,
    "SYD": 54,
    "GUA": 55,
    "ADL": 56,
    "PER": 57,
    "BJD": 58,
    "GNS": 59,
    "FRA": 60,
    "DRT": 61,
    "MRA": 62,
    "CNS": 63,
    "CAN": 64
  },
  "extra_meta": {
    "K": 11,
    "max_iter": 1200
  },
  "optimizer_settings": {
    "lambda_s": 4.3765,
    "lambda_b": 0.00026984,
    "threshold": 0.5
  },
  "timestamp": "2025-11-21T00:38:40"
}