{
  "s": [
    0.03850886333517149,
    -0.16736671392544653,
    0.14959321088333666,
    -0.15019444667766085,
    -0.08210738200097861,
    0.1351267779569551,
    -0.021176040519948463,
    0.19762404326554397,
    -0.3121197713274503,
    0.2440965913985596,
    0.0053254562568899625,
    -0.0019283454178198154,
    0.26717756535652193,
    0.06270234833604602,
    0.021676679891356066,
    0.07163223755332608,
    0.2176717766637172,
    -0.1071594617049228,
    -0.012437978686631835,
    -0.22685837424596358,
    0.13824364011580317,
    -0.20363700775591984,
    -0.014560367414386292,
    -0.08147959015642094,
    0.05246526138910841,
    -0.08282542454773462,
    0.0958393920903579,
    -0.002432725353218387,
    -0.07436887694734266,
    -0.1570313378108481
  ],
  "beta": [
    0.20372793379455528,
    -0.00455653706041642,
    0.4332915440378844,
    0.06371650156404549
  ],
  "mu": [
    -0.1262075192404545,
    -0.003798493700773831,
    -0.08096300507565388,
    0.13112348221627723
  ],
  "sd": [
    9.105826271733402,
    0.29868824195442134,
    7.275300122465748,
    0.25943469857489343
  ],
  "teams": [
    "ATL",
    "BKN",
    "BOS",
    "CHA",
    "CHI",
    "CLE",
    "DAL",
    "DEN",
    "DET",
    "GSW",
    "HOU",
    "IND",
    "LAC",
    "LAL",
    "MEM",
    "MIA",
    "MIL",
    "MIN",
    "NOP",
    "NYK",
    "OKC",
    "ORL",
    "PHI",
    "PHX",
    "POR",
    "SAC",
    "SAS",
    "TOR",
    "UTA",
    "WAS"
  ],
  "team_to_idx": {
    "ATL": 0,
    "BKN": 1,
    "BOS": 2,
    "CHA": 3,
    "CHI": 4,
    "CLE": 5,
    "DAL": 6,
    "DEN": 7,
    "DET": 8,
    "GSW": 9,
    "HOU": 10,
    "IND": 11,
    "LAC": 12,
    "LAL": 13,
    "MEM": 14,
    "MIA": 15,
    "MIL": 16,
    "MIN": 17,
    "NOP": 18,
    "NYK": 19,
    "OKC": 20,
    "ORL": 21,
    "PHI": 22,
    "PHX": 23,
    "POR": 24,
    "SAC": 25,
    "SAS": 26,
    "TOR": 27,
    "UTA": 28,
    "WAS": 29
  },
  "extra_meta": {
    "K": 13,
    "max_iter": 1200
  },
  "optimizer_settings": {
    "lambda_s": 0.12229,
    "lambda_b": 0.11436,
    "threshold": 0.5
  },
  "timestamp": "2026-01-09T17:16:38"
}