{
  "s": [
    0.43247948479511444,
    5.651793365649442,
    1.8956990109734804,
    -2.7135035610996017,
    -2.346556172234237,
    1.693481019140339,
    -2.5800617457175736,
    2.0840061840582926,
    2.1554582883889286,
    1.7180822792846127,
    1.8123030139230103,
    2.02558422265417,
    1.8941682915275568,
    2.1064359906928427,
    1.5754760663482097,
    -2.8696074739016995,
    -0.5551471526608751,
    -2.347386964613434,
    -2.3313041421646767,
    2.3056923907125615,
    -5.241269350169066,
    -2.5424976684489633,
    2.405448264527262,
    2.2183254022736993,
    -4.019103851753734,
    1.9401364468686528,
    1.8905577296766087,
    2.1186797806874886,
    1.9388670167873028,
    2.4780707516889597,
    -7.601095556430918,
    -4.082612424171142,
    1.9110274030869674,
    1.997497536220886,
    2.079738077667839,
    1.807202356535442,
    -2.1104453619330554,
    -3.134202288949285,
    0.0835479818429576,
    -0.08354798184277006,
    1.8597467037756046,
    1.7028535591697371,
    -5.096640455512668,
    2.0355914365536267,
    1.6670640668212833,
    -2.424425845244904,
    1.8744670438150675,
    1.837656893659726,
    1.8933638754849353,
    2.6781564889354588,
    1.7965846642094747,
    1.9733108156450996,
    -4.3459327035612665,
    -3.313441816175479,
    -2.01391154231325,
    -3.112371017909185,
    1.9485158684514785,
    -1.6203735075727235,
    1.8308113245345412,
    1.7208261406544532,
    -0.5350847808150767,
    0.555147152661063,
    -3.5718788238405077,
    -2.5214297036492046,
    -2.480022497698884
  ],
  "beta": [
    0.20848093062082307,
    -0.011707095454637294,
    0.33664259683756836,
    0.10533993544093087
  ],
  "mu": [
    -0.21083593778603216,
    -0.007198274570889375,
    -0.11681480488075961,
    0.1329459097649837
  ],
  "sd": [
    9.588902491412611,
    0.30726731161252,
    7.982825491116974,
    0.2718048952818476
  ],
  "teams": [
    "ADL",
    "ALB",
    "ATL",
    "BAU",
    "BJD",
    "BKN",
    "BNE",
    "BOS",
    "CAN",
    "CHA",
    "CHI",
    "CLE",
    "DAL",
    "DEN",
    "DET",
    "DRT",
    "EST",
    "FBU",
    "FCB",
    "FEN",
    "FLA",
    "FRA",
    "GNS",
    "GSW",
    "GUA",
    "HOU",
    "IND",
    "LAC",
    "LAL",
    "LBN",
    "MAC",
    "MEL",
    "MEM",
    "MIA",
    "MIL",
    "MIN",
    "MLN",
    "MTA",
    "NAN",
    "NONE",
    "NOP",
    "NYK",
    "NZB",
    "OKC",
    "ORL",
    "PER",
    "PHI",
    "PHX",
    "POR",
    "RMD",
    "SAC",
    "SAS",
    "SDS",
    "SLA",
    "STP",
    "SYD",
    "TOR",
    "USA",
    "UTA",
    "WAS",
    "WLD",
    "WST",
    "MRA",
    "CNS",
    "ULM"
  ],
  "team_to_idx": {
    "ADL": 0,
    "ALB": 1,
    "ATL": 2,
    "BAU": 3,
    "BJD": 4,
    "BKN": 5,
    "BNE": 6,
    "BOS": 7,
    "CAN": 8,
    "CHA": 9,
    "CHI": 10,
    "CLE": 11,
    "DAL": 12,
    "DEN": 13,
    "DET": 14,
    "DRT": 15,
    "EST": 16,
    "FBU": 17,
    "FCB": 18,
    "FEN": 19,
    "FLA": 20,
    "FRA": 21,
    "GNS": 22,
    "GSW": 23,
    "GUA": 24,
    "HOU": 25,
    "IND": 26,
    "LAC": 27,
    "LAL": 28,
    "LBN": 29,
    "MAC": 30,
    "MEL": 31,
    "MEM": 32,
    "MIA": 33,
    "MIL": 34,
    "MIN": 35,
    "MLN": 36,
    "MTA": 37,
    "NAN": 38,
    "NONE": 39,
    "NOP": 40,
    "NYK": 41,
    "NZB": 42,
    "OKC": 43,
    "ORL": 44,
    "PER": 45,
    "PHI": 46,
    "PHX": 47,
    "POR": 48,
    "RMD": 49,
    "SAC": 50,
    "SAS": 51,
    "SDS": 52,
    "SLA": 53,
    "STP": 54,
    "SYD": 55,
    "TOR": 56,
    "USA": 57,
    "UTA": 58,
    "WAS": 59,
    "WLD": 60,
    "WST": 61,
    "MRA": 62,
    "CNS": 63,
    "ULM": 64
  },
  "extra_meta": {
    "K": 6,
    "max_iter": 1200
  },
  "optimizer_settings": {
    "lambda_s": 0.004412518168980505,
    "lambda_b": 1.166399970163484,
    "threshold": 0.5
  },
  "timestamp": "2025-11-20T23:26:18"
}